filename,label,source,width,height
plastic1.jpg,plastic,TrashNet,512,384
plastic10.jpg,plastic,TrashNet,512,384
plastic100.jpg,plastic,TrashNet,512,384
plastic11.jpg,plastic,TrashNet,512,384
plastic12.jpg,plastic,TrashNet,512,384
plastic13.jpg,plastic,TrashNet,512,384
plastic14.jpg,plastic,TrashNet,512,384
plastic15.jpg,plastic,TrashNet,512,384
plastic16.jpg,plastic,TrashNet,512,384
plastic17.jpg,plastic,TrashNet,512,384
plastic18.jpg,plastic,TrashNet,512,384
plastic19.jpg,plastic,TrashNet,512,384
plastic2.jpg,plastic,TrashNet,512,384
plastic20.jpg,plastic,TrashNet,512,384
plastic21.jpg,plastic,TrashNet,512,384
plastic22.jpg,plastic,TrashNet,512,384
plastic23.jpg,plastic,TrashNet,512,384
plastic24.jpg,plastic,TrashNet,512,384
plastic25.jpg,plastic,TrashNet,512,384
plastic26.jpg,plastic,TrashNet,512,384
plastic27.jpg,plastic,TrashNet,512,384
plastic28.jpg,plastic,TrashNet,512,384
plastic29.jpg,plastic,TrashNet,512,384
plastic3.jpg,plastic,TrashNet,512,384
plastic30.jpg,plastic,TrashNet,512,384
plastic31.jpg,plastic,TrashNet,512,384
plastic32.jpg,plastic,TrashNet,512,384
plastic33.jpg,plastic,TrashNet,512,384
plastic34.jpg,plastic,TrashNet,512,384
plastic35.jpg,plastic,TrashNet,512,384
plastic36.jpg,plastic,TrashNet,512,384
plastic37.jpg,plastic,TrashNet,512,384
plastic38.jpg,plastic,TrashNet,512,384
plastic39.jpg,plastic,TrashNet,512,384
plastic4.jpg,plastic,TrashNet,512,384
plastic40.jpg,plastic,TrashNet,512,384
plastic41.jpg,plastic,TrashNet,512,384
plastic42.jpg,plastic,TrashNet,512,384
plastic43.jpg,plastic,TrashNet,512,384
plastic44.jpg,plastic,TrashNet,512,384
plastic45.jpg,plastic,TrashNet,512,384
plastic46.jpg,plastic,TrashNet,512,384
plastic47.jpg,plastic,TrashNet,512,384
plastic48.jpg,plastic,TrashNet,512,384
plastic49.jpg,plastic,TrashNet,512,384
plastic5.jpg,plastic,TrashNet,512,384
plastic50.jpg,plastic,TrashNet,512,384
plastic51.jpg,plastic,TrashNet,512,384
plastic52.jpg,plastic,TrashNet,512,384
plastic53.jpg,plastic,TrashNet,512,384
plastic54.jpg,plastic,TrashNet,512,384
plastic55.jpg,plastic,TrashNet,512,384
plastic56.jpg,plastic,TrashNet,512,384
plastic57.jpg,plastic,TrashNet,512,384
plastic58.jpg,plastic,TrashNet,512,384
plastic59.jpg,plastic,TrashNet,512,384
plastic6.jpg,plastic,TrashNet,512,384
plastic60.jpg,plastic,TrashNet,512,384
plastic61.jpg,plastic,TrashNet,512,384
plastic62.jpg,plastic,TrashNet,512,384
plastic63.jpg,plastic,TrashNet,512,384
plastic64.jpg,plastic,TrashNet,512,384
plastic65.jpg,plastic,TrashNet,512,384
plastic66.jpg,plastic,TrashNet,512,384
plastic67.jpg,plastic,TrashNet,512,384
plastic68.jpg,plastic,TrashNet,512,384
plastic69.jpg,plastic,TrashNet,512,384
plastic7.jpg,plastic,TrashNet,512,384
plastic70.jpg,plastic,TrashNet,512,384
plastic71.jpg,plastic,TrashNet,512,384
plastic72.jpg,plastic,TrashNet,512,384
plastic73.jpg,plastic,TrashNet,512,384
plastic74.jpg,plastic,TrashNet,512,384
plastic75.jpg,plastic,TrashNet,512,384
plastic76.jpg,plastic,TrashNet,512,384
plastic77.jpg,plastic,TrashNet,512,384
plastic78.jpg,plastic,TrashNet,512,384
plastic79.jpg,plastic,TrashNet,512,384
plastic8.jpg,plastic,TrashNet,512,384
plastic80.jpg,plastic,TrashNet,512,384
plastic81.jpg,plastic,TrashNet,512,384
plastic82.jpg,plastic,TrashNet,512,384
plastic83.jpg,plastic,TrashNet,512,384
plastic84.jpg,plastic,TrashNet,512,384
plastic85.jpg,plastic,TrashNet,512,384
plastic86.jpg,plastic,TrashNet,512,384
plastic87.jpg,plastic,TrashNet,512,384
plastic88.jpg,plastic,TrashNet,512,384
plastic89.jpg,plastic,TrashNet,512,384
plastic9.jpg,plastic,TrashNet,512,384
plastic90.jpg,plastic,TrashNet,512,384
plastic91.jpg,plastic,TrashNet,512,384
plastic92.jpg,plastic,TrashNet,512,384
plastic93.jpg,plastic,TrashNet,512,384
plastic94.jpg,plastic,TrashNet,512,384
plastic95.jpg,plastic,TrashNet,512,384
plastic96.jpg,plastic,TrashNet,512,384
plastic97.jpg,plastic,TrashNet,512,384
plastic98.jpg,plastic,TrashNet,512,384
plastic99.jpg,plastic,TrashNet,512,384
paper1.jpg,paper,TrashNet,512,384
paper10.jpg,paper,TrashNet,512,384
paper100.jpg,paper,TrashNet,512,384
paper11.jpg,paper,TrashNet,512,384
paper12.jpg,paper,TrashNet,512,384
paper13.jpg,paper,TrashNet,512,384
paper14.jpg,paper,TrashNet,512,384
paper15.jpg,paper,TrashNet,512,384
paper16.jpg,paper,TrashNet,512,384
paper17.jpg,paper,TrashNet,512,384
paper18.jpg,paper,TrashNet,512,384
paper19.jpg,paper,TrashNet,512,384
paper2.jpg,paper,TrashNet,512,384
paper20.jpg,paper,TrashNet,512,384
paper21.jpg,paper,TrashNet,512,384
paper22.jpg,paper,TrashNet,512,384
paper23.jpg,paper,TrashNet,512,384
paper24.jpg,paper,TrashNet,512,384
paper25.jpg,paper,TrashNet,512,384
paper26.jpg,paper,TrashNet,512,384
paper27.jpg,paper,TrashNet,512,384
paper28.jpg,paper,TrashNet,512,384
paper29.jpg,paper,TrashNet,512,384
paper3.jpg,paper,TrashNet,512,384
paper30.jpg,paper,TrashNet,512,384
paper31.jpg,paper,TrashNet,512,384
paper32.jpg,paper,TrashNet,512,384
paper33.jpg,paper,TrashNet,512,384
paper34.jpg,paper,TrashNet,512,384
paper35.jpg,paper,TrashNet,512,384
paper36.jpg,paper,TrashNet,512,384
paper37.jpg,paper,TrashNet,512,384
paper38.jpg,paper,TrashNet,512,384
paper39.jpg,paper,TrashNet,512,384
paper4.jpg,paper,TrashNet,512,384
paper40.jpg,paper,TrashNet,512,384
paper41.jpg,paper,TrashNet,512,384
paper42.jpg,paper,TrashNet,512,384
paper43.jpg,paper,TrashNet,512,384
paper44.jpg,paper,TrashNet,512,384
paper45.jpg,paper,TrashNet,512,384
paper46.jpg,paper,TrashNet,512,384
paper47.jpg,paper,TrashNet,512,384
paper48.jpg,paper,TrashNet,512,384
paper49.jpg,paper,TrashNet,512,384
paper5.jpg,paper,TrashNet,512,384
paper50.jpg,paper,TrashNet,512,384
paper51.jpg,paper,TrashNet,512,384
paper52.jpg,paper,TrashNet,512,384
paper53.jpg,paper,TrashNet,512,384
paper54.jpg,paper,TrashNet,512,384
paper55.jpg,paper,TrashNet,512,384
paper56.jpg,paper,TrashNet,512,384
paper57.jpg,paper,TrashNet,512,384
paper58.jpg,paper,TrashNet,512,384
paper59.jpg,paper,TrashNet,512,384
paper6.jpg,paper,TrashNet,512,384
paper60.jpg,paper,TrashNet,512,384
paper61.jpg,paper,TrashNet,512,384
paper62.jpg,paper,TrashNet,512,384
paper63.jpg,paper,TrashNet,512,384
paper64.jpg,paper,TrashNet,512,384
paper65.jpg,paper,TrashNet,512,384
paper66.jpg,paper,TrashNet,512,384
paper67.jpg,paper,TrashNet,512,384
paper68.jpg,paper,TrashNet,512,384
paper69.jpg,paper,TrashNet,512,384
paper7.jpg,paper,TrashNet,512,384
paper70.jpg,paper,TrashNet,512,384
paper71.jpg,paper,TrashNet,512,384
paper72.jpg,paper,TrashNet,512,384
paper73.jpg,paper,TrashNet,512,384
paper74.jpg,paper,TrashNet,512,384
paper75.jpg,paper,TrashNet,512,384
paper76.jpg,paper,TrashNet,512,384
paper77.jpg,paper,TrashNet,512,384
paper78.jpg,paper,TrashNet,512,384
paper79.jpg,paper,TrashNet,512,384
paper8.jpg,paper,TrashNet,512,384
paper80.jpg,paper,TrashNet,512,384
paper81.jpg,paper,TrashNet,512,384
paper82.jpg,paper,TrashNet,512,384
paper83.jpg,paper,TrashNet,512,384
paper84.jpg,paper,TrashNet,512,384
paper85.jpg,paper,TrashNet,512,384
paper86.jpg,paper,TrashNet,512,384
paper87.jpg,paper,TrashNet,512,384
paper88.jpg,paper,TrashNet,512,384
paper89.jpg,paper,TrashNet,512,384
paper9.jpg,paper,TrashNet,512,384
paper90.jpg,paper,TrashNet,512,384
paper91.jpg,paper,TrashNet,512,384
paper92.jpg,paper,TrashNet,512,384
paper93.jpg,paper,TrashNet,512,384
paper94.jpg,paper,TrashNet,512,384
paper95.jpg,paper,TrashNet,512,384
paper96.jpg,paper,TrashNet,512,384
paper97.jpg,paper,TrashNet,512,384
paper98.jpg,paper,TrashNet,512,384
paper99.jpg,paper,TrashNet,512,384
metal1.jpg,metal,TrashNet,512,384
metal10.jpg,metal,TrashNet,512,384
metal100.jpg,metal,TrashNet,512,384
metal11.jpg,metal,TrashNet,512,384
metal12.jpg,metal,TrashNet,512,384
metal13.jpg,metal,TrashNet,512,384
metal14.jpg,metal,TrashNet,512,384
metal15.jpg,metal,TrashNet,512,384
metal16.jpg,metal,TrashNet,512,384
metal17.jpg,metal,TrashNet,512,384
metal18.jpg,metal,TrashNet,512,384
metal19.jpg,metal,TrashNet,512,384
metal2.jpg,metal,TrashNet,512,384
metal20.jpg,metal,TrashNet,512,384
metal21.jpg,metal,TrashNet,512,384
metal22.jpg,metal,TrashNet,512,384
metal23.jpg,metal,TrashNet,512,384
metal24.jpg,metal,TrashNet,512,384
metal25.jpg,metal,TrashNet,512,384
metal26.jpg,metal,TrashNet,512,384
metal27.jpg,metal,TrashNet,512,384
metal28.jpg,metal,TrashNet,512,384
metal29.jpg,metal,TrashNet,512,384
metal3.jpg,metal,TrashNet,512,384
metal30.jpg,metal,TrashNet,512,384
metal31.jpg,metal,TrashNet,512,384
metal32.jpg,metal,TrashNet,512,384
metal33.jpg,metal,TrashNet,512,384
metal34.jpg,metal,TrashNet,512,384
metal35.jpg,metal,TrashNet,512,384
metal36.jpg,metal,TrashNet,512,384
metal37.jpg,metal,TrashNet,512,384
metal38.jpg,metal,TrashNet,512,384
metal39.jpg,metal,TrashNet,512,384
metal4.jpg,metal,TrashNet,512,384
metal40.jpg,metal,TrashNet,512,384
metal41.jpg,metal,TrashNet,512,384
metal42.jpg,metal,TrashNet,512,384
metal43.jpg,metal,TrashNet,512,384
metal44.jpg,metal,TrashNet,512,384
metal45.jpg,metal,TrashNet,512,384
metal46.jpg,metal,TrashNet,512,384
metal47.jpg,metal,TrashNet,512,384
metal48.jpg,metal,TrashNet,512,384
metal49.jpg,metal,TrashNet,512,384
metal5.jpg,metal,TrashNet,512,384
metal50.jpg,metal,TrashNet,512,384
metal51.jpg,metal,TrashNet,512,384
metal52.jpg,metal,TrashNet,512,384
metal53.jpg,metal,TrashNet,512,384
metal54.jpg,metal,TrashNet,512,384
metal55.jpg,metal,TrashNet,512,384
metal56.jpg,metal,TrashNet,512,384
metal57.jpg,metal,TrashNet,512,384
metal58.jpg,metal,TrashNet,512,384
metal59.jpg,metal,TrashNet,512,384
metal6.jpg,metal,TrashNet,512,384
metal60.jpg,metal,TrashNet,512,384
metal61.jpg,metal,TrashNet,512,384
metal62.jpg,metal,TrashNet,512,384
metal63.jpg,metal,TrashNet,512,384
metal64.jpg,metal,TrashNet,512,384
metal65.jpg,metal,TrashNet,512,384
metal66.jpg,metal,TrashNet,512,384
metal67.jpg,metal,TrashNet,512,384
metal68.jpg,metal,TrashNet,512,384
metal69.jpg,metal,TrashNet,512,384
metal7.jpg,metal,TrashNet,512,384
metal70.jpg,metal,TrashNet,512,384
metal71.jpg,metal,TrashNet,512,384
metal72.jpg,metal,TrashNet,512,384
metal73.jpg,metal,TrashNet,512,384
metal74.jpg,metal,TrashNet,512,384
metal75.jpg,metal,TrashNet,512,384
metal76.jpg,metal,TrashNet,512,384
metal77.jpg,metal,TrashNet,512,384
metal78.jpg,metal,TrashNet,512,384
metal79.jpg,metal,TrashNet,512,384
metal8.jpg,metal,TrashNet,512,384
metal80.jpg,metal,TrashNet,512,384
metal81.jpg,metal,TrashNet,512,384
metal82.jpg,metal,TrashNet,512,384
metal83.jpg,metal,TrashNet,512,384
metal84.jpg,metal,TrashNet,512,384
metal85.jpg,metal,TrashNet,512,384
metal86.jpg,metal,TrashNet,512,384
metal87.jpg,metal,TrashNet,512,384
metal88.jpg,metal,TrashNet,512,384
metal89.jpg,metal,TrashNet,512,384
metal9.jpg,metal,TrashNet,512,384
metal90.jpg,metal,TrashNet,512,384
metal91.jpg,metal,TrashNet,512,384
metal92.jpg,metal,TrashNet,512,384
metal93.jpg,metal,TrashNet,512,384
metal94.jpg,metal,TrashNet,512,384
metal95.jpg,metal,TrashNet,512,384
metal96.jpg,metal,TrashNet,512,384
metal97.jpg,metal,TrashNet,512,384
metal98.jpg,metal,TrashNet,512,384
metal99.jpg,metal,TrashNet,512,384
glass1.jpg,glass,TrashNet,512,384
glass10.jpg,glass,TrashNet,512,384
glass100.jpg,glass,TrashNet,512,384
glass11.jpg,glass,TrashNet,512,384
glass12.jpg,glass,TrashNet,512,384
glass13.jpg,glass,TrashNet,512,384
glass14.jpg,glass,TrashNet,512,384
glass15.jpg,glass,TrashNet,512,384
glass16.jpg,glass,TrashNet,512,384
glass17.jpg,glass,TrashNet,512,384
glass18.jpg,glass,TrashNet,512,384
glass19.jpg,glass,TrashNet,512,384
glass2.jpg,glass,TrashNet,512,384
glass20.jpg,glass,TrashNet,512,384
glass21.jpg,glass,TrashNet,512,384
glass22.jpg,glass,TrashNet,512,384
glass23.jpg,glass,TrashNet,512,384
glass24.jpg,glass,TrashNet,512,384
glass25.jpg,glass,TrashNet,512,384
glass26.jpg,glass,TrashNet,512,384
glass27.jpg,glass,TrashNet,512,384
glass28.jpg,glass,TrashNet,512,384
glass29.jpg,glass,TrashNet,512,384
glass3.jpg,glass,TrashNet,512,384
glass30.jpg,glass,TrashNet,512,384
glass31.jpg,glass,TrashNet,512,384
glass32.jpg,glass,TrashNet,512,384
glass33.jpg,glass,TrashNet,512,384
glass34.jpg,glass,TrashNet,512,384
glass35.jpg,glass,TrashNet,512,384
glass36.jpg,glass,TrashNet,512,384
glass37.jpg,glass,TrashNet,512,384
glass38.jpg,glass,TrashNet,512,384
glass39.jpg,glass,TrashNet,512,384
glass4.jpg,glass,TrashNet,512,384
glass40.jpg,glass,TrashNet,512,384
glass41.jpg,glass,TrashNet,512,384
glass42.jpg,glass,TrashNet,512,384
glass43.jpg,glass,TrashNet,512,384
glass44.jpg,glass,TrashNet,512,384
glass45.jpg,glass,TrashNet,512,384
glass46.jpg,glass,TrashNet,512,384
glass47.jpg,glass,TrashNet,512,384
glass48.jpg,glass,TrashNet,512,384
glass49.jpg,glass,TrashNet,512,384
glass5.jpg,glass,TrashNet,512,384
glass50.jpg,glass,TrashNet,512,384
glass51.jpg,glass,TrashNet,512,384
glass52.jpg,glass,TrashNet,512,384
glass53.jpg,glass,TrashNet,512,384
glass54.jpg,glass,TrashNet,512,384
glass55.jpg,glass,TrashNet,512,384
glass56.jpg,glass,TrashNet,512,384
glass57.jpg,glass,TrashNet,512,384
glass58.jpg,glass,TrashNet,512,384
glass59.jpg,glass,TrashNet,512,384
glass6.jpg,glass,TrashNet,512,384
glass60.jpg,glass,TrashNet,512,384
glass61.jpg,glass,TrashNet,512,384
glass62.jpg,glass,TrashNet,512,384
glass63.jpg,glass,TrashNet,512,384
glass64.jpg,glass,TrashNet,512,384
glass65.jpg,glass,TrashNet,512,384
glass66.jpg,glass,TrashNet,512,384
glass67.jpg,glass,TrashNet,512,384
glass68.jpg,glass,TrashNet,512,384
glass69.jpg,glass,TrashNet,512,384
glass7.jpg,glass,TrashNet,512,384
glass70.jpg,glass,TrashNet,512,384
glass71.jpg,glass,TrashNet,512,384
glass72.jpg,glass,TrashNet,512,384
glass73.jpg,glass,TrashNet,512,384
glass74.jpg,glass,TrashNet,512,384
glass75.jpg,glass,TrashNet,512,384
glass76.jpg,glass,TrashNet,512,384
glass77.jpg,glass,TrashNet,512,384
glass78.jpg,glass,TrashNet,512,384
glass79.jpg,glass,TrashNet,512,384
glass8.jpg,glass,TrashNet,512,384
glass80.jpg,glass,TrashNet,512,384
glass81.jpg,glass,TrashNet,512,384
glass82.jpg,glass,TrashNet,512,384
glass83.jpg,glass,TrashNet,512,384
glass84.jpg,glass,TrashNet,512,384
glass85.jpg,glass,TrashNet,512,384
glass86.jpg,glass,TrashNet,512,384
glass87.jpg,glass,TrashNet,512,384
glass88.jpg,glass,TrashNet,512,384
glass89.jpg,glass,TrashNet,512,384
glass9.jpg,glass,TrashNet,512,384
glass90.jpg,glass,TrashNet,512,384
glass91.jpg,glass,TrashNet,512,384
glass92.jpg,glass,TrashNet,512,384
glass93.jpg,glass,TrashNet,512,384
glass94.jpg,glass,TrashNet,512,384
glass95.jpg,glass,TrashNet,512,384
glass96.jpg,glass,TrashNet,512,384
glass97.jpg,glass,TrashNet,512,384
glass98.jpg,glass,TrashNet,512,384
glass99.jpg,glass,TrashNet,512,384
