epoch,train_loss,train_accuracy,val_loss,val_accuracy
1,1.0104488551616668,0.6392857142857142,3.2139252920945487,0.65
2,0.4548470905848912,0.8464285714285714,1.1147650718688964,0.6833333333333333
3,0.20541999680655343,0.925,1.0348979910214742,0.7833333333333333
4,0.20441766402551106,0.9357142857142857,1.2556007385253907,0.7
5,0.19287799671292305,0.9285714285714286,1.3620015859603882,0.6666666666666666
6,0.18686455514814174,0.9428571428571428,1.079824258883794,0.7
7,0.09965185448527336,0.9678571428571429,1.2197258790334067,0.7
8,0.09147628426019634,0.9678571428571429,1.7649879246950149,0.6333333333333333
9,0.09513688293684806,0.9678571428571429,1.7694629748662314,0.6833333333333333
10,0.12252420256180423,0.9571428571428572,1.657096896568934,0.7
11,0.08238420521042177,0.9714285714285714,1.2751264254252115,0.75
12,0.04599347902861025,0.9821428571428571,1.141292424996694,0.7333333333333333
13,0.035284004167520575,0.9892857142857143,1.2610532204310099,0.7666666666666667
14,0.06569842249155045,0.975,1.5425270001093547,0.7166666666666667
15,0.07666769070284707,0.975,1.106564736366272,0.6833333333333333
16,0.04615451863833836,0.9821428571428571,1.2117289304733276,0.75
17,0.04161556797501232,0.9857142857142858,1.1991841475168863,0.7333333333333333
18,0.04412056934088469,0.9785714285714285,1.206377140680949,0.75
19,0.056625777057238987,0.9821428571428571,1.1719577391942342,0.7333333333333333
20,0.048962034324982334,0.9821428571428571,1.0855194568634032,0.7666666666666667
